Resources;lhv
GASOLINE;12222.22222
DIESEL;12000
JET_FUEL;12830
METHANOL;6390
AMMONIA;5170
WOOD;2908
WASTE;3120
CO2_CAPTURED;1000000
LNG;12500
LPG;12861.11111
LFO;11986.11111
