;avail_local;avail_exterior;gwp_op_local;c_op_local
WOOD;4425.223512;1.00E+15;0.0118;0.016980597
BIOMASS_RESIDUES;50113.00565;0;0.0118;0.010318121
WASTE;0;0;0.1501;0.021187834
GAS;1.00E+15;0;0.2666;0.003808043
GASOLINE;7815.790519;3062.948608;0.3448;0.124118331
DIESEL;3214.179104;5471.556389;0.3148;0.111311495
LFO;775.6956945;6.3048111;0.3115;0.03545419
LPG;2657.707299;0;0.28360908;0.021578745
LNG;0;1;0.2666;0.003808043
JET_FUEL;775.6956945;6.3048111;0.3115;0.03545419
